id,bundle_name,price,final_price,discount
450,Dharker Studio 2015 Complete,$73.86,$66.46,10%
1437,Pixel Puzzles Ultimate: Starter Kit,$25.35,$15.17,40%
1478,Cosmi Fun Pack,$71.91,$25.2,65%
1482,Two Tribes Complete Pack!,$32.96,$29.66,10%
1396,Expendables 1. 2. & 3,$41.97,$25.17,40%
1471,18 Wheels of Steel Top Payload Pack 2,$27.47,$18.4,33%
1477,Halcyon 6: Starbase Commander + Soundtrack,$26.98,$24.28,10%
1284,Black Sand Drift Collectors Edition,$2.53,$2.15,15%
1468,The Codemasters Complete Collection,$654.44,$575.84,12%
1225,Starters + Founders Package,$79.98,$75.18,6%
1455,ULTAKAAR CHRONICLES,$9.07,$4.51,50%
1011,Publisher Diamond Edition Pack,$15.38,$1.55,90%
419,Dinosaur Hunt Gold Edition Pack,$10.39,$0.84,92%
1460,The Meridian Bundle,$30.96,$21.66,30%
317,Endorlight - Deluxe Edition,$3.98,$2.38,40%
1379,Revolution 60: Special Edition Bundle,$14.98,$12.73,15%
1385,Happy Neighbours Set,$24.98,$17.48,30%
1137,New Retro Arcade: Neon and Original Soundtrack,$29.98,$26.98,10%
279,Microblast Games Bundle,$6.94,$3.44,50%
1440,OtakuMaker Studio Pack - Latest Bundle #3,$14.96,$11.96,20%
1441,OtakuMaker Studio Pack - Part #4,$21.94,$16.44,25%
355,MX vs. ATV Collection,$207.64,$139.0,33%
1401,Shadow Warrior 2 Deluxe,$45.96,$45.96,0%
1418,PopCap Power Pack,$114.77,$57.27,50%
1282,Vanguard Princess Bundle,$11.96,$7.16,40%
1399,Dead Rising Triple Pack,$59.97,$49.77,17%
1392,The Metronomicon Deluxe Edition,$22.38,$20.14,10%
1404,SUPERFIGHT - The Super Bundle,$49.91,$29.91,40%
1406,SUPERFIGHT - The DLC Bundle,$39.92,$23.92,40%
1403,Steam Link + John Wick,$47.78,$47.78,0%
1293,Triangle Service Shmups Collection,$81.88,$53.18,35%
1248,Shooting Love 20XX,$47.92,$35.92,25%
1382,RunGunJumpGun: Special Atomik Edition,$9.98,$9.98,0%
1386,Shiny: Digital Deluxe Edition,$20.97,$16.77,20%
1356,Buka Post Apocalyptic Collection,$30.55,$15.25,50%
1332,3 Outlandish games in 1 bundle: Green Moon. City of Fools and Bathory,$20.97,$10.47,50%
667,Farnham Fables - Tape 1,$1.98,$1.78,10%
1390,Angels Blue Games,$13.98,$12.58,10%
1349,NeuroVoider - Deluxe Edition,$22.98,$19.99,13%
1373,Hue Game and Soundtrack Bundle,$21.98,$20.66,6%
1295,Bloxiq + Soundtrack,$18.98,$17.08,10%
1387,Back To Basics Epilepsy Bundle,$1.98,$1.38,30%
1222,Zombie Bundle,$7.98,$3.2,60%
803,Platformer Bundle,$32.41,$4.87,85%
498,Back In Time Bundle,$2.97,$1.47,50%
396,The Indie Platformers Bundle,$16.97,$2.38,86%
1372,Black Hole Hazard Deluxe,$7.98,$5.98,25%
972,Crush Your Enemies - Complete Plundered Edition,$13.98,$12.58,10%
1378,The orb Chambers Bundle,$11.98,$5.98,50%
1376,Daylights End VR - Full Movie,$19.9,$12.9,35%
1268,18 Wheels of Steel Top Payload Pack,$24.97,$16.72,33%
1328,SHINRAI - Soundtrack Bundle,$22.98,$19.99,13%
825,Back To Basics Mixer Bundle 2,$4.95,$2.9,41%
473,Pug Life Bundle,$2.97,$1.47,50%
1297,Optika + Optika Soundtrack,$7.98,$6.38,20%
604,Risen Franchise Pack,$63.91,$47.91,25%
1336,Hyperdimension Neptunia Re;Birth1 Deluxe Edition Bundle / 特別限定版『デラックスエディション』,$39.98,$35.98,10%
1340,Hyperdimension Neptunia Re;Birth1 Digital Complete Set / デジタルコンプリートエディション,$45.92,$41.32,10%
1153,Pan-Pan: Planetary Pack,$28.96,$24.61,15%
1355,Automobilista + Season Pass for All DLCs,$69.98,$59.48,15%
1161,Flump Studios Complete Pack,$14.7,$9.98,32%
567,Back To Basics Mixer Bundle,$7.92,$3.92,50%
1361,Just Deserts Complete Costume Bundle,$15.96,$14.36,10%
903,Valley + Soundtrack,$26.98,$24.96,7.5%
1271,Malus Code Soundtrack Edition,$15.98,$14.38,10%
1330,The Final Station Collectors Edition,$19.98,$17.98,10%
1350,Deus Ex: Mankind Divided - Digital Deluxe Edition,$89.98,$89.98,0%
1351,Deus Ex: Mankind Divided + Steam Controller Bundle,$89.98,$89.98,0%
1352,Deus Ex: Mankind Divided Digital Deluxe + Steam Controller Bundle,$119.97,$119.97,0%
1209,Road To Ballhalla - Roll Playing Game of the Year Edition,$19.98,$15.98,20%
982,SimplexZombiePack,$13.98,$11.18,20%
827,One Way Heroics + Plus Edition,$9.98,$8.98,10%
694,Storm in a Teacup bundle,$29.98,$23.98,20%
531,Classic Wargames,$41.96,$20.96,50%
538,Alister Software bundle,$1.98,$1.0,49%
347,Astronomic Games,$34.95,$7.0,80%
1005,Moon Colonization Project: Deluxe Edition,$4.18,$3.13,25%
1100,New World Collection,$24.98,$21.23,15%
1114,Okhlos: Olympus Edition,$22.96,$22.96,0%
494,Endless Loop Management,$5.98,$4.96,17%
357,Thomas Was Alone + Volume,$29.98,$26.98,10%
363,Subterrain - OST Edition,$19.98,$17.98,10%
284,The Vanishing of Ethan Carter VR Bundle,$29.98,$29.98,0%
1017,Render System Games Complete,$14.98,$11.98,20%
1002,The Turing Test Collectors Edition,$29.98,$23.98,20%
754,Mysterious Places Bundle,$39.96,$27.96,30%
536,Stronghold Complete Pack,$49.98,$49.98,0%
359,Monstrum - Deluxe Edition,$22.98,$20.68,10%
416,FobTi Indie Bundle,$18.98,$12.33,35%
251,Vae Victis Racing Collection,$26.98,$20.23,25%
923,The Black Watchmen - Occult Agent Edition,$44.96,$33.71,25%
953,AuroraRL Special Edition,$6.98,$6.28,10%
869,Ultimate Conspiracy Pack,$12.98,$9.99,23%
622,Age of Fear Series Bundle,$29.98,$26.98,10%
507,The Screwfly Collection,$34.97,$29.72,15%
298,Out of the Park Baseball 17 + Franchise Hockey Manager 2,$59.98,$53.98,10%
304,The Next World: Deluxe Bundle,$16.98,$13.58,20%
166,Grand Theft Auto V & Great White Shark Cash Card,$79.98,$75.98,5%
1191,Heart&Slash; + Soundtrack,$24.98,$19.98,20%
1246,BioWare Bundle,$94.96,$75.96,20%
836,Megadimension Neptunia VII Digital Deluxe Edition,$59.98,$53.98,10%
568,Windlands + Original Soundtrack,$26.98,$24.28,10%
597,The Polynomial 1&2,$18.98,$14.23,25%
490,Flat Kingdom Deluxe Edition,$12.98,$10.38,20%
281,Enter The Gungeon Collectors Edition,$24.96,$22.46,10%
341,Fossil Echo - Special Edition,$24.98,$19.98,20%
1339,12 is Better Than 6 + Soundtrack + Artbook,$7.97,$6.77,15%
539,Faton Bundle,$3.96,$2.76,30%
850,Fasaria World DELUXE EDITION Bundle,$44.97,$18.0,60%
1150,Blade Ballet Turntable Edition,$19.98,$18.98,5%
585,Where Angels Cry Bundle,$19.98,$17.98,10%
1226,Selma and the Wisp plus Soundtrack,$11.98,$10.78,10%
501,Puzzle Bundle,$18.96,$2.47,87%
614,Doodle God & Doodle Kingdom,$11.98,$10.78,10%
441,Quiet River Bundle,$4.98,$3.23,35%
526,Poo Pack,$1.98,$1.58,20%
262,Guns of Icarus Online + Alliance Collectors Edition Bundle,$29.97,$25.17,16%
1085,Hanako Yuri Bundle,$34.98,$27.98,20%
929,Alice and Smith - Complete Library,$50.95,$38.2,25%
1275,Uprising Complete,$13.98,$9.92,29%
406,Zeno Archives,$19.98,$11.98,40%
413,M2H Bundle,$42.97,$38.67,10%
305,OPUS: Soundtrack Bundle,$15.98,$14.38,10%
215,That Dragon. Cancer + Thank You For Playing,$24.98,$19.98,20%
974,The Secret Monster Society - Chapter One + Soundtrack,$7.98,$7.18,10%
653,The Real Texas - Dusty Skies Edition,$18.98,$17.08,10%
533,Spakoyno GOTY Edition,$8.98,$8.08,10%
346,Linea. the Game - Complete Edition,$2.98,$2.53,15%
1307,Now You See Me Double Feature,$33.28,$27.95,16%
1303,Spiderweb Software Super-Gigantic Bundle,$82.91,$49.71,40%
1156,F1 2016 - Steam Controller Bundle,$89.98,$89.98,0%
1265,Mystery Case Files Bundle,$73.93,$66.53,10%
1266,SPACE PACK,$2.98,$2.68,10%
1188,DMC4SE Demon Hunter Bundle + DmC Complete Pack,$85.4,$70.01,18%
1190,2016 Capcom Collectors Bundle,$300.63,$117.39,61%
1196,Blasting Agent: Ultimate Edition + Original Soundtrack,$4.98,$3.98,20%
1232,Resident Evil 4/5/6,$69.97,$60.17,14%
1144,Dead Rising Collectors Pack,$105.88,$89.98,15%
809,Devil May Cry 4: Special Edition Demon Hunter Bundle,$40.44,$35.99,11%
1290,BITRAYS,$2.73,$1.91,30%
1291,Talisman - 3 Game Bundle,$36.97,$31.42,15%
1068,The Girl and the Robot - Game + Soundtrack + Art Book,$13.98,$11.88,15%
548,Talisman: The Horus Heresy - Game + Soundtrack,$21.98,$18.68,15%
1289,Rock N Roll Defense - Complete Bundle,$3.98,$2.98,25%
1288,Complex Edition,$18.95,$7.6,60%
1274,Tiger & Bunny Movies Bundle,$25.98,$23.38,10%
1267,Doomster Bundle,$17.97,$9.87,45%
1047,Sins of a Solar Empire Gold,$84.94,$63.69,25%
1252,Energy Bundle,$6.95,$5.55,20%
1219,Through Abandoned 1 and 2,$3.98,$3.98,0%
1204,4 Arcade Games Bundle + Soundtrack,$12.86,$7.7,40%
1207,3 Arcade Games in 1 Bundle: Run Rabbit Run + Sky to Fly,$11.97,$7.17,40%
936,Alawar Adventure Collection,$29.95,$16.15,46%
763,Kevin Gold Bundle,$7.98,$5.98,25%
801,Space Bundle,$4.47,$2.72,39%
461,Daedalic Adventure Bundle II,$72.95,$40.1,45%
1258,Notch - The Innocent LunA Collection,$21.96,$17.56,20%
813,The Big One,$73.26,$14.7,80%
693,Adams Venture bundle,$41.97,$33.57,20%
275,The Last Door Collectors Edition Bundle,$19.98,$17.98,10%
365,The Deed Collection,$3.98,$1.98,50%
169,The Jackbox Bundle,$49.98,$44.98,10%
259,FORCED SHOWDOWN Deluxe,$39.96,$35.96,10%
1213,Red vs. Blue Seasons 11-13,$29.97,$20.97,30%
1231,The Healthy Profits Bundle,$30.98,$27.88,10%
879,Furi + OST Combo Pack,$39.98,$33.98,15%
977,Puzzle Box - Game + DLC Pack #2,$13.98,$11.18,20%
611,1917 - The Alien Invasion - Game + OST Pack #1,$6.98,$5.58,20%
297,XiNFiNiTY Games Studio Pack #1,$6.98,$4.88,30%
93,Mad Max: Game + Fury Road,$59.98,$53.98,10%
1233,Hexoscope Collectors Edition,$2.97,$2.67,10%
995,8DAYS + OST,$15.98,$14.38,10%
421,Herrero Games,$4.97,$2.47,50%
337,Retool Special Edition,$11.98,$10.78,10%
353,Civilization VI + Steam Controller Bundle,$89.98,$89.98,0%
1007,Search & Kill + GabeN Simulator,$6.99,$6.29,10%
1071,Tom Clancys The Division - Streets of New York Outfit Bundle,$19.96,$14.96,25%
893,2 Best Quest Games Bundle,$14.98,$10.48,30%
913,Mind Spheres Deluxe Edition,$2.98,$2.23,25%
651,The Samurai Jazz Series,$1.98,$1.48,25%
479,Elements Souls & Hearts Bundle,$14.97,$3.0,80%
1247,The Sims 3 Bundle,$79.96,$49.56,38%
505,16Bit Nights Bundle,$3.97,$1.72,57%
1250,Karma Miwa + Genius Greedy Mouse Studio Pack #1,$7.98,$6.38,20%
1146,8-Bit Armies & Hordes,$41.95,$25.15,40%
1147,8-Bit Hordes Complete Edition,$18.98,$16.13,15%
1021,Back To Basics Sci Fi Bundle,$6.93,$3.78,45%
560,Devolver Digital + XSplit Streamer Pack,$39.97,$29.97,25%
1243,Bad Company 2 Bundle,$40.97,$29.9,27%
1245,More Spore,$59.97,$40.17,33%
951,Command & Conquer Pack,$94.95,$71.2,25%
1241,Keep Talking and Nobody Explodes + Soundtrack,$21.98,$19.78,10%
1215,Enigmatis Collection,$29.97,$24.87,17%
1217,Reigns: Collectors Edition,$5.96,$5.96,0%
1228,Space Ribbon Soundtrack Bundle,$16.98,$9.84,42%
1009,EA Racing Pack,$89.95,$58.45,35%
1206,Fatshark Bundle,$110.9,$55.4,50%
1229,Overlord: Ultimate Evil Collection,$43.96,$35.16,20%
456,The Ultimate Driving Test Success Bundle,$43.96,$21.96,50%
1208,Dark Parables Pack,$91.93,$82.73,10%
704,Special Bundle,$9.97,$4.97,50%
1216,Alawar games pack!,$94.85,$66.35,30%
1183,Classic Collection,$23.95,$14.35,40%
799,Lucius Complete Set,$34.97,$29.72,15%
1211,Red vs. Blue (Blood Gulch Chronicles. Vol. 1-5),$49.95,$34.95,30%
1212,Red vs. Blue Volumes 6-10,$49.95,$34.95,30%
1189,Handsome Mr. Frog - Game and Soundtrack,$1.98,$1.78,10%
650,The Next World: Exploration Bundle,$23.97,$19.17,20%
1194,Sky To Fly: 2 in 1  Steampunk Games Bundle,$7.98,$6.38,20%
1182,Doorways: All Chapters Collection,$39.97,$29.97,25%
1151,Run Rabbit Run Super Game Bundle + Soundtrack,$4.88,$3.9,20%
552,Disorder + Soundtrack,$14.98,$11.98,20%
434,OtakuMaker Studio Pack - Adventure #1,$20.96,$16.76,20%
516,Survivor Squad Complete,$17.98,$11.68,35%
1052,Ghost Sweeper + Dyna Bomb Studio Pack #1,$9.98,$7.98,20%
384,The Solus Project + The Ball,$29.98,$23.98,20%
1028,The Pixeljam Collection,$37.91,$25.37,33%
1158,DOOM + Steam Controller Bundle,$89.98,$89.98,0%
1084,Near Death Soundtrack Edition,$22.98,$19.99,13%
941,Rising Islands Collectors Edition,$19.97,$14.97,25%
1104,Dungeon Escape - Soundtrack Edition,$4.98,$4.23,15%
1143,Depth Hunter - GAME AND 3 DLC,$26.96,$16.16,40%
344,SAMOLIOTIK DELUXE EDITION,$1.98,$1.38,30%
364,Developer Alliance Pack 2,$29.96,$2.4,92%
1138,8Floor Hidden Object Bundle,$17.77,$14.21,20%
1140,Check vs Mate - Grandmaster Edition,$33.97,$25.47,25%
1132,Swords and Blasters bundle,$12.96,$7.76,40%
1102,Kindred Spirits on the Roof Drama CD Collection,$45.96,$41.36,10%
1103,Kindred Spirits Complete Collection,$80.95,$72.85,10%
1130,Princess.Loot.Pixel.Again + Soundtrack!,$5.98,$5.38,10%
1131,Bye-Bye. Wacky Planet: Shoot and Dance Edition,$6.98,$5.93,15%
709,Higurashi When They Cry Hou,$21.97,$21.97,0%
1128,Airport Madness Collection,$37.96,$30.36,20%
1107,HOG bundle of bundles!,$44.95,$35.95,20%
1116,OtakuMaker Studio Pack - Adventure #2,$16.96,$13.56,20%
1121,Pristine World: Deluxe Edition,$8.98,$7.18,20%
1110,Neon Warp + Impossible Quest Studio Pack #1,$4.98,$3.98,20%
437,Fort Defense Complete Edition,$11.97,$9.57,20%
914,Small World 2 - Complete Bundle,$20.96,$14.66,30%
990,EVIL MAZE RAINBOW BUNDLE,$4.38,$3.5,20%
549,Angry Video Game Nerd Adventures + Soundtrack,$14.98,$11.98,20%
946,Quadrilateral Cowboy Deluxe Edition,$30.98,$28.81,7%
984,Epic Manager - Deluxe Edition,$23.98,$21.58,10%
399,Interstellar Bundle,$6.46,$2.79,57%
1056,OtakuMaker Studio Pack - Latest Bundle #2,$15.96,$12.76,20%
1053,OtakuMaker Studio Pack - Part #3,$23.94,$17.94,25%
1054,OtakuMaker Studio Pack - ShootEm Up #1,$13.96,$11.16,20%
1055,OtakuMaker Studio Pack - Latest Bundle #1,$21.96,$17.56,20%
1033,Extravaganza Rising Bundle,$8.98,$7.63,15%
1040,Albers - Studio Pack #2,$5.97,$4.47,25%
1041,DreamBreak- Soviet Bloc Edition,$10.98,$10.43,5%
1034,Triangle Studios Bundle,$31.97,$25.57,20%
962,I am Setsuna Collectors Edition,$54.98,$49.48,10%
963,DnS Complete Bundle,$29.96,$23.96,20%
865,The Assembly Complete (VR+Non-VR),$29.99,$29.99,0%
1013,Press X to Not Die: Special Edition,$3.98,$3.58,10%
1024,Ocean Word Blast Bundle,$9.98,$6.68,33%
853,Bulb Boy + Soundtrack Bundle,$12.98,$11.68,10%
949,Talentplace bundle,$8.97,$4.47,50%
1008,Search & Kill + GabeN Simulator + Portal Mode,$7.89,$7.1,10%
580,FE Ultimate Bundle,$36.03,$9.02,75%
1003,3DMark + PCMark 8,$79.98,$59.98,25%
509,Push Me Pull You + Soundtrack,$18.98,$17.08,10%
362,Eidos Anthology,$450.11,$224.61,50%
983,Supergiant Collection,$54.96,$49.46,10%
833,RPG Heroes Summer Bundle,$51.89,$10.4,80%
480,Platformer Bundle by New Reality Games,$6.95,$3.45,50%
482,Super Mega Bundle by New Reality Games,$10.91,$5.63,48%
897,Leviathan: Behemoth Pack,$34.96,$24.46,30%
575,Sid Meiers Civilization V: Complete,$149.34,$49.33,67%
961,Digital Melody Bundle,$4.46,$2.98,33%
668,Hiiro Collectors Edition,$3.98,$3.38,15%
884,Anarcute - Soundtrack Edition,$17.98,$16.36,9%
926,Leviathan: The Last Day of the Decade - Game + Soundtrack,$18.98,$15.18,20%
948,Siberian Digital Complete Pack,$29.92,$23.92,20%
543,Warhammer 40.000: Armageddon - Imperium Complete,$65.93,$46.79,29%
823,Devolver Digital First-Person Shooter Bundle,$99.97,$74.97,25%
330,TransOcean Games Bundle,$38.73,$30.21,22%
955,Casual Games Bundle,$24.91,$17.41,30%
957,Double Fine Bundle,$199.21,$99.52,50%
802,God Bundle,$12.95,$4.55,65%
954,Horror Games Bundle,$17.97,$15.27,15%
956,Big Adventure Games Pack,$37.89,$28.39,25%
804,SHMUPers Bundle,$13.97,$1.54,89%
398,JRPG Love Happiness Bundle,$11.94,$4.32,64%
403,Monster Mayhem Bundle,$20.91,$6.93,67%
944,Bump in the night,$23.97,$11.97,50%
871,Tetradecagon + Soundtrack,$5.98,$5.98,0%
395,Fun with Physics Bundle,$11.95,$3.0,75%
934,Puzzle Game - Starter Pack,$20.98,$17.83,15%
920,Ninja Bundle,$2.98,$0.99,67%
877,Space Pilgrim Saga,$6.46,$3.21,50%
624,Axyos Games Bundle,$8.98,$8.08,10%
678,The Odaiba Box,$89.98,$80.98,10%
832,Dogenzaka Lab VN set,$42.46,$38.21,10%
520,Awesomenauts - Announcer Pack,$36.91,$25.81,30%
876,The Weird Collection,$27.97,$20.97,25%
701,onechanbara Z2 :Chaos All DLC Bundle,$60.63,$54.53,10%
896,RWBY Video Bundle,$25.97,$23.37,10%
868,RWBY Game and Video Bundle,$45.96,$45.96,0%
837,Megadimension Neptunia VII Digital Complete Set,$93.86,$84.46,10%
700,Megadimension Neptunia VII DLC Collection,$33.88,$30.48,10%
510,Lost Sea Game + Soundtrack,$19.98,$16.98,15%
855,Meridian4 Latest Bundle,$44.95,$33.7,25%
854,Meridian4 Action-Adventure Bundle,$31.95,$23.95,25%
852,Grab The Games Mixed Bundle,$37.41,$18.66,50%
805,Triple Rusk,$19.97,$16.97,15%
839,Inuyasha Movies Bundle,$39.96,$35.96,10%
861,Grey Alien Games Collection,$19.98,$14.98,25%
859,7 Mages Complete,$15.98,$15.02,6%
844,GameArt Studio Complete the Set,$41.93,$20.93,50%
845,GameArt Studio All Games,$41.93,$20.93,50%
846,A.I. Invasion Full Pack,$11.98,$9.58,20%
843,Quantum Rush Champions Full Pack,$15.97,$12.77,20%
851,Aselia the Eternal + Soundtrack,$22.98,$18.38,20%
425,tinyBuild Mega 2016 Bundle,$66.85,$63.51,5%
824,FFG Mega Bundle,$29.91,$20.91,30%
380,The Infinity Collection,$119.92,$83.92,30%
755,Rainbow Six Bundle,$89.95,$80.95,10%
759,Might and Magic Heroes Bundle,$44.96,$33.71,25%
810,Gabe Newell Simulator + Portal Mode,$3.9,$3.31,15%
781,Studio Evil Bundle,$29.98,$25.48,15%
760,Ubisoft Arcade Bundle,$129.93,$97.43,25%
757,Assassins Creed Bundle,$139.96,$125.96,10%
697,Affairs of the Court - Deluxe Edition,$8.96,$6.71,25%
747,SOEDESCO bundle,$32.96,$26.36,20%
687,Ultimate Chicken Horse - Soundtrack Edition,$24.98,$22.48,10%
577,Homeworld Remastered Collection and Deserts of Kharak Bundle,$84.98,$63.73,25%
569,Best of HeroCraft - Developer Bundle,$53.94,$40.44,25%
532,Shadowrun Complete Collection,$69.95,$55.95,20%
728,Fruitbat Factory Publisher Bundle,$151.26,$120.96,20%
782,Omnidream Creations Shmup Pack,$12.98,$9.73,25%
798,Runestone Keeper and Soundtrack,$12.98,$11.68,10%
789,Steam Controller and Link,$99.98,$89.98,10%
647,Dancing Dragon RPG Complete,$39.96,$33.96,15%
383,Telltale Collection,$377.81,$253.07,33%
695,Breached: Futurist edition,$6.87,$6.53,5%
464,Hidden Object Bundle,$30.93,$18.53,40%
751,Fantasy Worlds Bundle,$39.96,$27.96,30%
778,Townopolis Romopolis Megapolis Collection,$11.97,$10.17,15%
779,Hero of the Kingdom Collection,$9.48,$8.53,10%
780,Eador Series Bundle,$49.96,$42.46,15%
749,Fearsome Shadows Bundle,$39.96,$27.96,30%
752,Detective Stories Bundle,$39.96,$27.96,30%
753,Legends & Myths Bundle,$39.96,$27.96,30%
727,The Witcher Trilogy,$69.97,$62.97,10%
770,Every Game from Choice of Games,$137.58,$103.08,25%
771,DreadOut Collection,$27.97,$22.37,20%
772,Every Game from Hosted Games,$45.9,$34.4,25%
773,Infinity Series,$8.98,$6.73,25%
774,Lost Heir Series,$7.98,$5.98,25%
775,Deathless Bundle,$6.98,$5.23,25%
776,Heroes Rise Trilogy,$15.91,$7.91,50%
761,Choice of Games Urban Fantasy Bundle,$23.94,$17.94,25%
762,Paul Gresty Bundle,$8.98,$6.73,25%
764,Choice of Games Sci Fi Bundle,$17.96,$13.46,25%
765,Choice of Games Sword and Sorcery Bundle,$21.95,$16.45,25%
766,Choice of Games High Adventure Bundle,$14.96,$11.21,25%
767,Choice of Games Superpowers Bundle,$25.93,$19.43,25%
768,Choice of Games Literary Bundle,$28.93,$21.68,25%
769,Paul Wang Bundle,$10.98,$8.23,25%
379,Baldurs Gate: The Complete Saga,$59.97,$53.97,10%
750,The Divergent Series,$47.47,$35.6,25%
758,8-Bit Armies Complete Edition,$22.97,$19.52,15%
646,Rebellion Anthology,$329.65,$270.25,18%
746,Lonely Troops Collection,$27.43,$20.56,25%
690,Frozenbyte Collection 2016,$90.94,$54.54,40%
712,Borderlands Take Over Your Life Bundle,$144.92,$144.92,0%
724,Puzzle Bundle,$5.97,$3.57,40%
736,Pilgrim Adventures Complete,$10.44,$6.77,35%
734,Goindol Bundle,$3.98,$2.78,30%
664,Meridian4 Action Bundle,$39.95,$29.95,25%
665,Meridian4 Arcade Bundle,$28.95,$21.7,25%
721,Trinelogy,$56.97,$39.87,30%
729,Dracula - Collection,$25.96,$19.98,23%
394,KNDW Deluxe Edition,$23.96,$19.16,20%
725,Perfect Angle bundle,$11.98,$8.38,30%
429,Awesome Games Bundle,$9.97,$7.47,25%
656,D4 Complete Edition,$50.84,$45.74,10%
718,Neon Drive Game + Soundtrack,$17.98,$14.38,20%
459,The Light Sword Bundle,$8.96,$5.99,33%
670,Adam DeLease Bundle,$6.98,$5.93,15%
572,BioShock Triple Pack,$69.97,$69.97,0%
574,Sid Meiers Civilization Anthology,$134.95,$134.95,0%
512,The Tambourine Bundle,$2.28,$1.36,40%
683,F1 Fan Bundle,$114.98,$103.48,10%
608,Lost Lands Collection,$20.97,$17.82,15%
655,FATHERS DAY GIFT BUNDLE,$209.89,$104.89,50%
631,Envoy 1-2,$5.48,$5.21,5%
570,Zaccaria Pinball - Gold Membership,$81.63,$40.63,50%
649,.EXE - Game + OST,$11.98,$10.78,10%
440,Zaccaria Pinball - Silver Membership,$71.64,$35.64,50%
680,The Bedtime Bundle,$10.98,$7.35,33%
663,Meridian4 Publisher Bundle,$145.72,$109.22,25%
662,Demetrios - Deluxe Edition,$13.97,$12.99,7%
474,Callys Caves Definitive Collection,$19.96,$17.96,10%
628,GTGD Complete Pack,$14.96,$10.46,30%
634,Dagestan Technology Complete Pack,$64.33,$44.98,30%
496,War of the Human Tanks - Complete Collection,$47.95,$43.15,10%
633,Bloodbath Kavkaz GOTY Edition,$13.47,$10.1,25%
534,Hipix Studio Bundle,$7.96,$5.56,30%
627,fault complete edition,$44.96,$38.21,15%
623,Nova Dimension Games,$8.46,$5.06,40%
612,Killing Floor 1 Complete Your Set!,$167.78,$67.2,60%
616,Tripwire Complete Bundle,$247.73,$136.13,45%
542,Rake in Grass Bundle,$41.95,$29.35,30%
610,Hoteliers Bundle,$17.96,$12.56,30%
15,Members Bundle,$19.97,$19.97,0%
17,Angry Video Game Nerd Bundle,$17.98,$14.92,17%
125,Mad Max: Game + Mad Max Anthology,$104.95,$89.2,15%
137,Albino Lullaby: Season Pass,$39.96,$24.76,38%
139,The Binding of Isaac : Rebirth + Afterbirth Bundle,$25.98,$25.98,0%
145,Broken Age + Soundtrack + Double Fine Adventure Documentary,$46.97,$35.22,25%
153,Adult Swim Games,$180.86,$119.32,34%
157,JMJ Films + Games Bundle,$91.84,$61.52,33%
225,Headup Games Complete,$269.43,$228.97,15%
227,Professor Teaches Office 2016 Suite,$89.94,$29.7,67%
228,Professor Teaches Office 2013 Suite,$89.94,$29.7,67%
229,Professor Teaches Office 2016 & Windows 10 Suite,$104.93,$39.9,62%
230,Professor Teaches Office 2013 & Windows 10 Suite,$104.93,$39.9,62%
231,Half-Life Complete,$60.92,$36.52,40%
232,Valve Complete Pack,$200.81,$90.45,55%
233,Left 4 Dead Bundle,$39.98,$29.98,25%
234,Portal Bundle,$29.98,$22.48,25%
235,Counter-Strike 1 Anthology,$24.96,$14.96,40%
236,Counter-Strike Complete,$44.97,$29.22,35%
237,Half-Life 1 Anthology,$24.96,$13.71,45%
240,Source Multiplayer Pack,$34.97,$29.72,15%
241,Ultimate Action Duo Pack: Just Cause 3 + Rise of the Tomb Raider,$119.98,$89.98,25%
243,Hatoful Boyfriend Complete Pack,$31.97,$25.57,20%
244,Shardlight Deluxe,$19.98,$18.98,5%
245,But to Paint a Universe Deluxe,$8.98,$7.18,20%
247,F1 Game Franchise Bundle,$204.93,$184.43,10%
248,The Codemasters DiRT Collection,$111.96,$100.76,10%
249,The Complete GRID Bundle,$201.77,$141.17,30%
250,Awesomenauts - Mega Value Pack,$273.32,$218.52,20%
254,SEGA DLC Pack,$14.97,$11.97,20%
255,Bacteria Complete,$2.97,$2.97,0%
256,Fantasy Grounds D&D; Complete Bundle,$417.88,$313.38,25%
257,Borderlands Triple Pack,$119.93,$119.93,0%
258,TAITO DLC Pack,$14.97,$11.97,20%
260,The Complete FORCED Collection,$60.94,$48.74,20%
261,Resident Evil/Biohazard Collectors Pack,$201.66,$126.93,37%
263,Broken Sword: Complete Pack,$48.95,$34.25,30%
264,Grand Theft Auto V & Whale Shark Cash Card,$109.98,$98.98,10%
265,Grand Theft Auto V & Megalodon Shark Cash Card,$159.98,$135.98,15%
266,Samorost 3 Cosmic Edition,$26.98,$24.82,8%
267,Binaries - Soundtrack Edition,$14.98,$13.48,10%
268,Merge Games Mega Bundle,$277.67,$208.17,25%
269,Homeworld: Deserts of Kharak Deluxe Edition,$77.95,$69.37,11%
270,NightCry Digital Complete Pack,$70.96,$60.31,15%
272,Amanita Bundle,$56.94,$51.24,10%
273,Slain: Back from Hell Bundle,$20.98,$19.51,7%
274,Galactic Civilizations III Gold,$107.39,$80.52,25%
278,Babel OST Pack,$12.98,$11.03,15%
280,Night Bundle,$8.57,$6.85,20%
285,Fighting Fantasy,$49.95,$39.95,20%
286,Bleach Movies,$51.96,$46.76,10%
291,The Shoebox Diorama Series,$6.98,$6.28,10%
292,Amplitude Endless Pack,$143.88,$107.88,25%
293,MyDream Bundle,$34.98,$25.88,26%
296,The Sparkle Bundle,$10.47,$8.37,20%
300,The Quest Deluxe Edition,$18.97,$14.98,21%
301,Pixel Puzzles Complete Pack,$42.08,$27.34,35%
302,Pyrodactyl Complete pack,$46.44,$39.47,15%
303,Sengoku Jidai: Shadow of the Shogun Deluxe Edition,$70.93,$44.66,37%
306,Save the Dodos Special Edition,$4.98,$3.73,25%
307,World of Magicka Bundle,$105.72,$90.88,14%
308,Sword of the Stars: The Pit Bundle,$25.94,$10.4,60%
309,Ticket to Ride - Complete Bundle,$42.92,$30.02,30%
311,Hyperdevotion Noire DLC Collection,$29.71,$20.71,30%
312,Dont Starve MEGA PACK,$39.96,$26.76,33%
313,The Detail Season One,$17.97,$16.17,10%
316,Wailing Heights Deluxe Edition,$14.98,$12.73,15%
318,Qubicle Indie Bundle,$89.96,$76.46,15%
319,Worms Collection,$171.8,$89.24,48%
320,Dead Island Definitive Collection,$44.97,$40.02,11%
321,GameGuru Unlimited,$192.92,$144.67,25%
322,App Game Kit Unlimited,$179.95,$134.95,25%
326,Magical Ladies,$5.97,$3.99,33%
327,Light and Dark,$5.97,$3.99,33%
328,From Mysterious Lands,$5.97,$3.99,33%
329,The Tricksters,$5.97,$3.99,33%
331,Nival Steam Bundle,$75.43,$56.56,25%
332,Zotrix Bundle,$18.98,$13.28,30%
333,The Game Creators Collection,$229.93,$172.43,25%
334,Sometimes You Complete Bundle,$53.28,$42.56,20%
335,The Banner Saga Deluxe Pack,$55.96,$39.72,29%
336,Evoland Collector Pack,$36.97,$27.72,25%
338,Mimpi Bundle,$5.98,$4.78,20%
339,Waste Walkers Complete Bundle,$25.94,$20.74,20%
340,The Renegades of Orion 2.0 - Pack #1,$3.97,$2.97,25%
342,RPG Maker VX Ace + SONAR Steam Edition Bundle,$169.98,$127.48,25%
345,Savage: Resurection - Digital Deluxe,$29.98,$26.08,13%
349,Project Cars Game of the Year Edition,$52.38,$31.38,40%
350,Puzzle Box - Game + OST Pack #1,$14.98,$11.98,20%
354,Civilization VI Digital Deluxe + Steam Controller Bundle,$109.98,$109.98,0%
356,Playism Bundle,$415.47,$332.27,20%
358,Indie VR Bundle,$11.96,$9.56,20%
361,Danganronpa 1 + 2,$59.98,$53.98,10%
366,Demons with Shotguns - Deluxe Edition,$12.98,$11.68,10%
367,Age of Wonders Franchise,$94.93,$80.68,15%
369,Axe. Bow & Staff Soundtrack Bundle,$14.98,$11.98,20%
374,Goat Simulator: GOATY,$30.95,$27.85,10%
375,NEOGEO Bundle,$46.94,$30.02,36%
376,RPG Maker Millennium Collection,$179.95,$161.95,10%
377,Table Top Racing: World Tour - Bundle,$22.97,$18.37,20%
378,PRO ANGLER SPORT BUNDLE,$34.94,$12.25,65%
381,Grim Legends Collection,$29.97,$24.87,17%
382,Abbey Games Bundle,$37.47,$34.85,7%
385,Stories: Collectors Edition,$29.97,$23.97,20%
391,Captain Forever Remix + Original Soundtrack,$19.98,$19.98,0%
408,Zenodyne R + Soundtrack,$14.98,$11.98,20%
409,Funklift Deluxe Edition,$13.98,$11.88,15%
414,Black Lime Studios Collection,$4.46,$3.79,15%
417,Tokyo School Life Soundtrack Edition,$10.48,$9.43,10%
420,The Caiysware Collection,$21.97,$14.27,35%
424,Kabitis + Bibou Studio Pack #1,$4.98,$3.98,20%
426,OtakuMaker Studio Pack - All Games,$90.76,$63.46,30%
428,10tons Shooters,$28.98,$26.08,10%
430,Novus Inceptio: Soundtrack Edition,$24.98,$22.48,10%
432,OtakuMaker Studio Pack - Part #1,$23.94,$17.94,25%
433,OtakuMaker Studio Pack - Part #2,$20.94,$15.69,25%
435,SpeedRunners Deluxe Pack,$20.97,$17.82,15%
436,OtakuMaker Studio Pack - Strategy #1,$11.96,$9.56,20%
438,Smart Games,$2.98,$2.68,10%
439,Abrix the robot - Collectors Edition,$18.55,$9.25,50%
442,Lilly and Sasha Bundle,$14.97,$9.87,34%
443,Life is Hard with Soundtrack,$9.98,$9.48,5%
445,Roll7 RETROspective,$52.97,$39.72,25%
447,The Escapists: Complete Pack,$28.95,$26.05,10%
448,Endless Legend Collection,$81.93,$69.63,15%
449,Endless Legend Expansion Set,$40.95,$36.85,10%
451,Homeworld Remastered Collection Deluxe Edition,$50.97,$44.85,12%
454,Winter Wolves RPGs Bundle,$87.92,$74.72,15%
457,Winter Wolves Games Collection,$347.44,$295.28,15%
460,Milkstone Studios Complete Collection,$44.96,$33.71,25%
462,Complete Trese Brothers Pack,$29.97,$26.97,10%
467,Serendipity of Aeons: Season 1 Bundle,$13.96,$10.46,25%
468,BERSERK: The Golden Age Arc Movies,$38.97,$35.07,10%
469,Cleverweek Games Complete,$17.91,$12.51,30%
471,The Revills Games Solitaire Collection,$13.98,$10.48,25%
472,The Legend of Dark Witch Game & OST,$14.98,$9.88,34%
476,Hero Siege Complete,$20.96,$16.76,20%
484,Elite Games Studio Pack #1,$7.98,$5.98,25%
487,Mute Crimson+ Soundtrack Bundle,$4.38,$3.5,20%
488,Fantasy Grounds Deadlands Reloaded Bundle,$140.85,$112.65,20%
491,Season #1 Pro Bundle,$118.88,$95.08,20%
492,Season #2 Pro Bundle,$147.85,$118.25,20%
495,100% Orange Juice - All Stars Collection,$21.92,$19.72,10%
497,Mecha Ritz: Steel Rondo Soundtrack Edition,$11.98,$10.18,15%
503,The Renegade Sector Bundle,$13.98,$11.88,15%
511,10tons Total,$46.45,$39.48,15%
514,Storm Sharks,$12.97,$7.12,45%
519,Project Pulsation Deluxe Edition,$6.98,$5.58,20%
528,Endless Loop Collection,$23.96,$14.36,40%
535,Games by Tonguç Bodur,$12.97,$11.02,15%
540,Best Russian Visual Novels pack,$20.96,$14.66,30%
547,Angry Video Game Nerd II: ASSimilation + Soundtrack,$24.98,$17.98,28%
565,Alientrap Bundle,$56.95,$48.4,15%
571,Kingdom Tales Bundle,$11.98,$10.78,10%
579,Z.I.O.N Deluxe Edition,$6.98,$5.58,20%
581,VGstudio Games Gold Edition,$13.96,$6.96,50%
582,Magdalena Pack,$3.98,$2.66,33%
584,Glitchspace - Game & Soundtrack,$17.98,$16.18,10%
586,Libredia XXL Adventure Bundle,$61.9,$43.3,30%
588,Dyna Bomb - Game + OST Pack #1,$6.98,$5.58,20%
594,The Ninjahtic Series,$5.97,$4.77,20%
